,City,Cloudiness,Country,Date,Humidity,Lat,Lng,Max Temp,Wind Speed
0,san felipe,0,CL,1554432503,73,-32.75,-70.73,62.01,2.15
1,tuktoyaktuk,20,CA,1554429600,84,69.44,-133.03,-2.21,3.36
2,mataura,80,NZ,1554432006,57,-46.19,168.86,54,1.99
3,fairbanks,1,US,1554432432,49,64.84,-147.72,35.01,16.11
4,khatanga,64,RU,1554432526,90,71.98,102.47,16.88,15.01
5,busselton,0,AU,1554432308,30,-33.64,115.35,66,7.52
6,new norfolk,40,AU,1554432376,42,-42.78,147.06,71.01,17.22
7,faanui,44,PF,1554432527,100,-16.48,-151.75,81.68,5.73
8,umm kaddadah,0,SD,1554432527,23,13.6,26.69,60.98,5.95
9,coihaique,75,CL,1554429600,62,-45.58,-72.07,51.8,5.82
10,ngunguru,44,NZ,1554431884,64,-35.62,174.5,66.99,4
11,saint-philippe,1,CA,1554432361,36,45.36,-73.48,30.99,9.17
12,chuy,48,UY,1554432527,95,-33.69,-53.46,67.82,14.56
13,hermanus,68,ZA,1554432310,78,-34.42,19.24,55.99,7
14,fortuna,75,ES,1554432506,81,38.18,-1.13,55.4,2.82
15,faya,0,SA,1554429600,87,18.39,42.45,60.8,9.17
16,kavieng,48,PG,1554432528,100,-2.57,150.8,82.4,0.92
17,yellowknife,20,CA,1554432283,46,62.45,-114.38,10.4,11.41
18,atuona,68,PF,1554432528,98,-9.8,-139.03,82.94,15.01
19,nabire,24,ID,1554432529,67,-3.36,135.5,84.65,2.48
20,kibala,0,TD,1554429600,35,9.11,18.35,84.2,8.63
21,avarua,68,CK,1554431400,74,-21.21,-159.78,78.8,3.36
22,ostrovnoy,64,RU,1554432529,83,68.05,39.51,21.92,8.08
23,great falls,75,US,1554432335,50,47.5,-111.29,54,9.17
24,oussouye,20,SN,1554432529,83,12.49,-16.54,70.7,17.02
25,alyangula,40,AU,1554429600,94,-13.85,136.42,78.8,4.7
26,la ronge,75,CA,1554429600,68,55.1,-105.3,24.8,3.36
27,mar del plata,0,AR,1554432530,60,-46.43,-67.52,57.38,18.92
28,ribeira grande,32,PT,1554432524,100,38.52,-28.7,57.74,16.24
29,rikitea,20,PF,1554432499,100,-23.12,-134.97,76.91,16.69
30,saint-leu,0,RE,1554432403,73,-21.15,55.28,78.8,8.05
31,georgetown,0,GY,1554429600,88,6.8,-58.16,75.2,4.7
32,albany,40,US,1554432259,29,42.65,-73.75,35.6,13.87
33,qaanaaq,48,GL,1554432474,80,77.48,-69.36,0.86,5.73
34,guerrero negro,0,MX,1554432531,91,27.97,-114.04,57.56,8.86
35,hobart,40,AU,1554432255,42,-42.88,147.33,71.01,17.22
36,gisborne,92,NZ,1554432010,70,-38.66,178.02,64,4
37,krasnokholm,88,RU,1554432532,91,51.6,54.16,36.86,3.15
38,linxia,0,CN,1554432532,32,35.6,103.21,52.43,3.6
39,progreso,90,UY,1554432427,77,-34.68,-56.22,66.99,20.8
40,slavonice,0,AT,1554432510,61,49,15.35,48.99,10.29
41,namatanai,76,PG,1554432533,100,-3.66,152.44,80.78,3.94
42,cidreira,92,BR,1554432533,100,-30.17,-50.22,71.24,9.98
43,mossendjo,92,CG,1554432533,97,-2.95,12.72,73.67,2.15
44,visnes,0,NO,1554432398,53,59.36,5.22,52,11.41
45,barrow,8,AR,1554432533,81,-38.31,-60.23,55.49,11.43
46,port alfred,100,ZA,1554432421,96,-33.59,26.89,62.01,3
47,puerto ayora,92,EC,1554432534,100,-0.74,-90.35,78.26,2.82
48,hays,1,US,1554431416,71,38.88,-99.33,55.4,4.7
49,butaritari,48,KI,1554432534,100,3.07,172.79,79.34,5.17
50,bluff,24,AU,1554432149,44,-23.58,149.07,84.74,12.88
51,vila velha,0,BR,1554432489,88,-3.71,-38.6,78.8,3.36
52,dikson,64,RU,1554432534,100,73.51,80.55,18.5,9.31
53,cape town,20,ZA,1554432190,82,-33.93,18.42,59,10.29
54,iqaluit,75,CA,1554432125,77,63.75,-68.52,1.4,25.28
55,chokurdakh,24,RU,1554432535,100,70.62,147.9,19.31,4.38
56,sangre grande,20,TT,1554432431,78,10.59,-61.13,77,6.93
57,broken hill,0,AU,1554429600,22,-31.97,141.45,87.8,17.22
58,mocajuba,100,BR,1554432536,98,-2.58,-49.5,71.87,3.38
59,maniitsoq,80,GL,1554432536,75,65.42,-52.9,27.68,9.53
60,arraial do cabo,0,BR,1554432536,90,-22.97,-42.02,78.53,19.26
61,victoria,90,BN,1554429600,94,5.28,115.24,87.8,1.92
62,sakaiminato,75,JP,1554432490,24,35.55,133.23,66.2,21.92
63,saldanha,88,PT,1554432536,97,41.42,-6.55,40.73,9.75
64,ahipara,64,NZ,1554432536,82,-35.17,173.16,66.2,9.19
65,sorland,36,NO,1554432537,100,67.67,12.69,39.11,8.97
66,srednekolymsk,12,RU,1554432537,78,67.46,153.71,26.06,3.27
67,thompson,40,CA,1554430440,78,55.74,-97.86,15.8,4.7
68,yumen,0,CN,1554432537,25,40.29,97.04,62.96,11.21
69,hervey bay,75,AU,1554432343,48,-25.3,152.85,86,19.46
70,lompoc,40,US,1554432397,71,34.64,-120.46,60.8,5.82
71,fonte boa,20,BR,1554432538,93,-2.51,-66.09,76.73,2.37
72,cherskiy,0,RU,1554432538,69,68.75,161.3,25.43,3.38
73,port lincoln,76,AU,1554432538,67,-34.72,135.86,75.47,25.19
74,narsaq,92,GL,1554429000,44,60.91,-46.05,37.4,33.33
75,mogadishu,12,SO,1554432277,100,2.04,45.34,82.4,14
76,nome,90,US,1554432517,88,30.04,-94.42,73.4,5.82
77,airai,92,TL,1554432539,97,-8.93,125.41,70.07,2.26
78,benguela,32,AO,1554432539,100,-12.58,13.4,79.25,2.71
79,xiamen,32,CN,1554429600,69,24.46,118.07,73.4,8.95
80,jamestown,0,AU,1554432440,30,-33.21,138.6,85.28,19.37
81,manavalakurichi,20,IN,1554429600,74,8.13,77.3,84.2,4.7
82,gardez,8,AF,1554432540,85,33.6,69.22,37.67,1.92
83,tamiami,75,US,1554432526,78,25.76,-80.4,77,12.75
84,miyako,75,JP,1554432455,41,33.63,130.94,66,4.7
85,broome,12,GB,1554432528,86,52.47,1.45,46,8.05
86,quetigny,0,FR,1554432316,78,47.31,5.12,32,3.36
87,batticaloa,0,LK,1554432540,94,7.71,81.69,83.21,3.71
88,punta arenas,75,CL,1554432151,87,-53.16,-70.91,44.6,5.82
89,pisco,75,PE,1554429600,83,-13.71,-76.2,69.8,9.17
90,grand forks,90,US,1554432900,94,47.91,-97.06,37.4,23.04
91,souillac,0,FR,1554432502,65,45.6,-0.6,46.99,14.99
92,muscat,0,OM,1554429000,78,23.6,58.55,77,2.24
93,vrbas,0,RS,1554429600,54,45.57,19.64,53.6,17.22
94,bathsheba,40,BB,1554429600,69,13.22,-59.52,78.8,17.22
95,hilo,75,US,1554432497,57,19.71,-155.08,78.8,9.17
96,ushuaia,75,AR,1554429600,80,-54.81,-68.31,39.2,10.29
97,manoel urbano,64,BR,1554432542,90,-8.84,-69.26,77.99,2.71
98,oktyabrskiy,0,RU,1554432124,77,55.61,37.97,34,6.71
99,carnarvon,12,ZA,1554432542,72,-30.97,22.13,48.56,15.57
100,bud,0,NO,1554432369,80,62.91,6.91,42.01,2.24
101,balaipungut,68,ID,1554432543,97,1.11,101.31,79.25,3.71
102,norman wells,5,CA,1554429600,47,65.28,-126.83,14,6.93
103,barentu,0,ER,1554432543,56,15.11,37.59,54.05,2.71
104,mahebourg,40,MU,1554432542,88,-20.41,57.7,75.99,4.7
105,hithadhoo,0,MV,1554432351,100,-0.6,73.08,82.58,2.15
106,vaini,20,IN,1554429600,83,15.34,74.49,69.8,2.82
107,bethel,20,US,1554429360,47,60.79,-161.76,35.6,20.8
108,mayo,20,CA,1554429600,23,63.59,-135.9,28.4,8.05
109,kapaa,20,US,1554432199,57,22.08,-159.32,80.6,9.17
110,codrington,40,AU,1554432491,47,-28.95,153.24,79,11.41
111,san cristobal,75,EC,1554432317,87,-0.39,-78.55,57.2,3.36
112,kaitangata,68,NZ,1554432540,48,-46.28,169.85,54,8.01
113,ipixuna,75,BR,1554429600,94,-1.76,-48.8,73.4,3.36
114,hasaki,75,JP,1554431977,28,35.73,140.83,70,16.11
115,marawi,20,PH,1554432546,67,8,124.29,81.59,2.71
116,tsabong,56,BW,1554432546,95,-26.02,22.4,58.01,3.94
117,camargo,12,MX,1554432546,16,27.69,-105.17,64.67,7.74
118,santa catalina,20,PH,1554429600,66,9.33,122.86,86,9.17
119,gigmoto,24,PH,1554432547,96,13.78,124.39,81.32,6.4
120,morondava,68,MG,1554432547,100,-20.3,44.28,74.12,3.49
121,talnakh,88,RU,1554432547,98,69.49,88.39,21.11,8.19
122,lebu,24,ET,1554432548,86,8.96,38.73,47.03,3.15
123,geraldton,75,CA,1554429600,53,49.72,-86.95,24.8,9.17
124,bykivka,0,UA,1554432548,55,50.29,27.97,30.38,9.19
125,nhulunbuy,75,AU,1554429840,83,-12.18,136.78,82.4,11.41
126,nikolskoye,0,RU,1554432336,55,59.7,30.79,35.6,4.47
127,coquimbo,0,CL,1554429600,87,-29.95,-71.34,59,2.24
128,camopi,92,GF,1554432549,95,3.17,-52.33,74.3,2.82
129,damaturu,0,NG,1554432549,52,11.75,11.96,69.53,3.94
130,aitape,24,PG,1554432550,100,-3.15,142.36,80.87,5.5
131,roma,0,IT,1554432243,100,41.89,12.48,46,4.7
132,bonfim,0,BR,1554429600,83,-20.33,-44.24,73.4,3.36
133,raudeberg,0,NO,1554432306,75,61.99,5.14,44.6,8.05
134,djibo,92,BF,1554432551,61,14.1,-1.63,86.99,4.61
135,vao,0,EE,1554432551,77,59.1,26.19,30.29,4.94
136,solhan,88,TR,1554432551,97,38.97,41.05,32.99,2.37
137,dickinson,90,US,1554432349,43,46.88,-102.79,55.99,3.36
138,vardo,40,US,1554432526,43,39.62,-77.74,55.4,3.38
139,ayorou,0,NE,1554432552,27,14.73,0.92,76.73,5.61
140,zhangye,0,CN,1554432552,73,38.94,100.46,53.33,6.85
141,severo-kurilsk,48,RU,1554432552,92,50.68,156.12,35.24,4.72
142,pine bluff,90,US,1554432342,93,34.23,-92,57.2,11.21
143,cabo san lucas,75,MX,1554432035,73,22.89,-109.91,73.99,3.36
144,ketchikan,90,US,1554429360,87,55.34,-131.65,46.4,23.04
145,tecoanapa,5,MX,1554428460,69,16.99,-99.26,82.4,10.29
146,namibe,0,AO,1554432553,100,-15.19,12.15,77.9,7.4
147,arona,75,IT,1554432544,81,45.76,8.56,46.99,4.7
148,tautira,20,PF,1554432146,70,-17.73,-149.15,87.8,11.41
149,altamira,68,BR,1554432554,93,-3.2,-52.21,74.66,4.27
150,yilan,75,TW,1554432548,78,24.75,121.75,82,8.05
151,adrar,20,DZ,1554429600,72,27.87,-0.29,62.6,18.34
152,kodiak,90,US,1554432525,54,39.95,-94.76,53.6,6.93
153,bandarbeyla,8,SO,1554432554,100,9.49,50.81,79.79,4.05
154,fayaoue,56,NC,1554432555,99,-20.65,166.53,80.78,14.9
155,bom jesus,20,BR,1554429600,94,-5.99,-35.58,78.8,3.36
156,shingu,75,JP,1554429600,55,33.72,135.99,64.4,8.05
157,kilis,75,TR,1554432552,93,36.72,37.12,48.2,6.93
158,northam,75,GB,1554432531,93,51.04,-4.21,45,8.05
159,mackenzie,75,CA,1554429600,48,55.34,-123.09,44.6,3.36
160,thai nguyen,75,VN,1554429600,69,21.59,105.84,75.2,11.41
161,alice springs,0,AU,1554429600,27,-23.7,133.88,86,4.7
162,norrtalje,0,SE,1554432483,64,59.76,18.7,39.2,10.29
163,jiazi,75,CN,1554429600,78,19.61,110.49,82.4,8.95
164,constitucion,40,MX,1554428580,12,23.99,-104.67,71.6,12.75
165,palauig,12,PH,1554432557,74,15.44,119.9,85.1,1.48
166,nalut,88,LY,1554432557,45,31.86,10.98,67.64,20.71
167,haines junction,80,CA,1554432557,73,60.75,-137.51,25.07,2.15
168,masallatah,92,LY,1554432557,58,32.62,14,65.93,6.73
169,bambous virieux,40,MU,1554432542,88,-20.34,57.76,75.99,4.7
170,talakan,0,RU,1554432559,37,50.29,130.28,44.78,6.06
171,fort nelson,75,CA,1554429600,67,58.81,-122.69,17.6,4.7
172,rocha,56,UY,1554432559,84,-34.48,-54.34,61.61,15.68
173,lodhikheda,40,IN,1554429600,29,21.58,78.83,87.8,5.82
174,cap malheureux,40,MU,1554432542,88,-19.98,57.61,75.99,4.7
175,mlonggo,20,ID,1554429600,66,-6.53,110.7,87.8,4.7
176,kahului,20,US,1554432352,54,20.89,-156.47,82.4,18.34
177,ahuimanu,40,US,1554432385,73,21.44,-157.84,84.2,6.93
178,port elizabeth,1,US,1554432505,45,39.31,-74.98,50,3.38
179,limbazi,0,LV,1554432293,61,57.51,24.72,35.01,8.75
180,wawa,0,NG,1554432560,63,9.9,4.41,78.8,13.67
181,puerto princesa,20,PH,1554429600,62,9.74,118.73,86,4.7
182,atambua,100,ID,1554432560,100,-9.11,124.89,77.54,5.73
183,channel-port aux basques,88,CA,1554432561,91,47.57,-59.14,28.58,41.85
184,bredasdorp,88,ZA,1554429600,81,-34.53,20.04,51.8,6.93
185,sayat,75,TM,1554429600,82,38.78,63.88,57.2,4.7
186,along,8,IN,1554432561,64,28.17,94.8,65.3,1.14
187,upernavik,44,GL,1554432561,92,72.79,-56.15,10.58,9.98
188,kantilo,40,IN,1554429600,100,20.35,85.18,80.6,4.7
189,lianran,36,CN,1554432423,93,24.92,102.47,69.01,2.26
190,basti,0,IN,1554432562,47,26.79,82.72,83.03,11.32
191,noumea,0,NC,1554431400,55,-22.28,166.46,86,17.22
192,yulara,0,AU,1554429600,17,-25.24,130.99,89.6,8.05
193,meridian,90,US,1554430680,87,32.36,-88.7,60.8,9.17
194,tiksi,0,RU,1554432563,75,71.64,128.87,32.27,6.29
195,tocopilla,0,CL,1554432563,100,-22.09,-70.2,61.07,3.6
196,cape canaveral,1,US,1554432476,77,28.41,-80.6,73.99,6.93
197,palmares do sul,92,BR,1554431462,91,-30.26,-50.51,78.01,1.01
198,portland,90,US,1554432297,67,45.52,-122.67,57.2,3.36
199,gijon,80,ES,1554432245,100,43.54,-5.66,52,4.7
200,sulangan,0,PH,1554432563,100,11.14,123.72,82.04,11.99
201,buraydah,0,SA,1554429600,46,26.33,43.97,69.8,11.41
202,price,40,US,1554432403,37,39.6,-110.81,55.4,8.05
203,tefe,8,BR,1554432564,88,-3.35,-64.71,79.16,3.27
204,torbay,20,CA,1554432398,74,47.66,-52.73,32,23.04
205,poum,68,MK,1554432564,78,41.28,20.71,39.2,2.26
206,ayan,0,TR,1554432564,74,40.67,33.6,26.42,1.92
207,salalah,40,OM,1554429000,78,17.01,54.1,77,2.24
208,axim,92,GH,1554432565,100,4.87,-2.24,82.31,12.66
209,clyde river,1,CA,1554429600,83,70.47,-68.59,-7.61,5.82
210,longyearbyen,90,NO,1554429000,86,78.22,15.63,28.4,39.15
211,teguise,80,ES,1554429600,77,29.06,-13.56,60.8,13.87
212,clonakilty,0,IE,1554431400,86,51.62,-8.87,33.8,3.36
213,carutapera,92,BR,1554432566,94,-1.2,-46.02,76.64,3.71
214,lasa,20,CY,1554432304,87,34.92,32.53,53.6,3.36
215,savannah bight,76,HN,1554432566,92,16.45,-85.85,81.68,15.9
216,curillo,64,CO,1554432566,90,1.03,-75.92,72.14,2.93
217,dharchula,0,IN,1554432566,72,29.85,80.53,42.26,1.81
218,bouafle,0,FR,1554432553,80,48.96,1.9,41,5.82
219,baculin,68,PH,1554432567,75,7.45,126.58,83.3,9.64
220,las palmas,40,PE,1554429600,290,-6.53,-76.35,62.6,2.15
221,nyurba,12,RU,1554432568,62,63.29,118.35,38.48,3.71
222,arman,48,RU,1554432568,63,59.7,150.17,38.21,10.2
223,tasiilaq,8,GL,1554429000,79,65.61,-37.64,24.8,2.24
224,dingle,0,PH,1554432568,54,11,122.67,89.06,10.2
225,ziarat,0,PK,1554432568,62,30.38,67.73,50.81,2.48
226,eidfjord,80,NO,1554432150,87,60.47,7.07,28,2.04
227,banjarmasin,40,ID,1554429600,83,-3.32,114.59,84.2,5.82
228,esperance,20,TT,1554432431,78,10.24,-61.45,77,6.93
229,honningsvag,48,NO,1554432569,98,70.98,25.97,27.77,7.96
230,taree,40,AU,1554432304,64,-31.91,152.46,78.01,8.05
231,sur,24,OM,1554432397,78,22.57,59.53,81.41,4.72
232,ilulissat,32,GL,1554429000,49,69.22,-51.1,24.8,21.92
233,maracacume,88,BR,1554432570,95,-2.04,-45.96,73.31,2.71
234,san patricio,92,PY,1554432547,97,-26.98,-56.83,70.25,7.4
235,bilibino,0,RU,1554432570,67,68.06,166.44,34.97,3.04
236,sinop,92,TR,1554432570,98,42.03,35.15,47.21,12.66
237,flinders,75,AU,1554432545,60,-34.58,150.85,71.01,5.82
238,ponta do sol,56,BR,1554432571,95,-20.63,-46,66.11,2.93
239,ancud,20,CL,1554429600,100,-41.87,-73.83,44.6,3.36
240,mwinilunga,0,ZM,1554432571,91,-11.73,24.43,61.61,3.15
241,yar-sale,68,RU,1554432571,89,66.83,70.83,29.03,18.14
242,thayetmyo,20,MM,1554432390,41,19.32,95.18,88.7,4.5
243,muros,75,ES,1554432535,93,42.77,-9.06,44.01,5.82
244,eregli,44,TR,1554432571,84,37.51,34.05,31.64,2.93
245,mangrol,0,IN,1554432572,31,25.33,76.51,83.39,6.73
246,ouesso,0,CG,1554432572,98,1.61,16.05,72.68,3.27
247,huarmey,12,PE,1554432572,94,-10.07,-78.15,63.14,2.59
248,kushiro,75,JP,1554429600,51,43.11,144.15,39.2,12.75
249,nioki,56,CD,1554432572,98,-2.72,17.69,74.39,3.6
250,ampanihy,0,MG,1554432573,87,-24.69,44.75,65.03,3.15
251,alofi,75,NU,1554429600,74,-19.06,-169.92,84.2,11.41
252,college,1,US,1554432524,49,64.86,-147.8,37.4,16.11
253,pontianak,20,ID,1554429600,79,-0.02,109.34,84.2,4.7
254,hovd,75,NO,1554432559,75,63.83,10.7,44.6,11.41
255,murakami,75,JP,1554430140,29,38.29,139.58,62.6,19.46
256,tari,0,NG,1554432575,56,12.41,4.49,70.7,2.71
257,provideniya,0,RU,1554429600,58,64.42,-173.23,28.4,13.42
258,mount isa,0,AU,1554429600,40,-20.73,139.49,87.8,11.41
259,chongwe,0,ZM,1554429600,72,-15.33,28.68,62.6,4.7
260,suluq,88,LY,1554432575,46,31.67,20.25,61.07,15.35
261,champerico,40,MX,1554429000,42,16.38,-93.6,86,10.29
262,vanimo,24,PG,1554432576,100,-2.67,141.3,81.23,5.39
263,trapani,40,IT,1554432512,87,38.02,12.54,57.99,4.7
264,otane,92,NZ,1554431177,83,-39.89,176.62,57,5.99
265,tubinskiy,90,RU,1554429600,92,52.89,58.22,32,8.95
266,owando,12,CG,1554432577,95,-0.49,15.91,71.96,2.37
267,alihe,48,CN,1554432577,34,50.57,123.73,40.01,5.39
268,mutum,8,BR,1554432577,91,-19.82,-41.44,69.26,4.61
269,nakhon thai,8,TH,1554429600,65,17.1,100.84,87.8,2.24
270,hattiesburg,90,US,1554432570,93,31.33,-89.29,60.8,5.82
271,rabo de peixe,40,PT,1554432563,62,37.8,-25.58,55,14.99
272,pacific grove,90,US,1554432489,82,36.62,-121.92,59,6.93
273,santa cruz,90,US,1554432253,87,36.97,-122.03,59,6.93
274,chakia,0,IN,1554432579,48,26.42,85.05,83.12,16.24
275,neuquen,0,AR,1554429600,44,-38.95,-68.06,60.8,4.7
276,biankouma,48,CI,1554432580,96,7.74,-7.61,70.43,3.38
277,olinda,75,EC,1554432396,83,-2.03,-79.75,80.6,6.93
278,teocaltiche,40,MX,1554428400,13,21.43,-102.58,69.8,5.82
279,luderitz,0,NA,1554432580,79,-26.65,15.16,61.07,19.48
280,mecca,8,SA,1554432574,72,21.43,39.83,59.72,1.7
281,lixourion,92,GR,1554432385,83,38.2,20.43,54,10
282,pevek,44,RU,1554432581,89,69.7,170.27,19.58,4.16
283,itarema,92,BR,1554432581,100,-2.92,-39.92,72.95,5.5
284,kruisfontein,76,ZA,1554432581,84,-34,24.73,63.05,10.65
285,kondol,88,RU,1554432581,96,52.82,45.06,32.63,7.96
286,manaure,0,CO,1554432581,92,11.78,-72.45,79.34,20.38
287,gorontalo,0,ID,1554432479,67,0.54,123.06,86.81,2.15
288,dunmore east,24,IE,1554432476,89,52.15,-6.99,36,6.17
289,lavrentiya,0,RU,1554432582,89,65.58,-170.99,23.81,16.13
290,ruteng,8,ID,1554432582,81,-8.61,120.46,82.94,2.37
291,laguna,75,MX,1554428460,29,27.52,-110.01,75.2,2.24
292,hillsborough,90,US,1554432571,87,37.57,-122.38,59,12.75
293,tonder,32,DK,1554432551,93,54.93,8.87,42.8,2.24
294,williams lake,75,CA,1554429600,53,52.13,-122.14,50,10.29
295,the valley,20,AI,1554432418,73,18.22,-63.06,77,13.87
296,hamilton,75,CA,1554432401,59,43.26,-79.87,37,8.05
297,kibre mengist,0,ET,1554432584,92,5.87,38.99,51.89,2.15
298,jumla,0,NP,1554432584,81,29.28,82.18,37.31,2.04
299,byron bay,40,AU,1554432491,53,-28.65,153.62,82,11.41
300,waipawa,76,NZ,1554431177,83,-39.94,176.59,57,5.99
301,saquarema,0,BR,1554429600,83,-22.93,-42.51,80.6,3.36
302,kavaratti,0,IN,1554432584,100,10.57,72.64,83.66,3.38
303,emerald,40,AU,1554432280,54,-23.53,148.16,80.6,10.29
304,kudahuvadhoo,0,MV,1554432585,100,2.67,72.89,83.03,5.84
305,paita,20,PE,1554432585,83,-5.09,-81.11,72.77,4.5
306,waddan,92,LY,1554432585,45,29.16,16.14,66.11,11.32
307,veraval,0,FR,1554432491,79,49.65,0.71,44.6,10.29
308,saint george,40,GR,1554432212,87,39.45,22.34,51.01,2.37
309,zyryanka,12,RU,1554432586,76,65.73,150.89,25.61,3.6
310,ilo,0,PE,1554432586,94,-17.65,-71.34,61.61,3.15
311,castro,20,CL,1554429600,100,-42.48,-73.76,44.6,3.36
312,petropavlovsk-kamchatskiy,75,RU,1554429600,69,53.05,158.65,39.2,6.71
313,brighton,0,GB,1554432318,81,50.82,-0.14,48,6.93
314,sinnamary,100,GF,1554432587,95,5.38,-52.96,79.97,10.98
315,espanola,24,CA,1554432526,70,46.27,-81.77,26.01,3.04
316,henties bay,0,NA,1554429729,93,-22.12,14.28,57.99,4
317,talaya,0,RU,1554432322,37,55.79,84.89,35.01,11.18
318,kangshan,24,CN,1554429600,69,24.68,117.65,73.4,8.95
319,sitka,0,US,1554432410,71,37.17,-99.65,57,7
320,sabang,32,PH,1554432588,90,13.72,123.58,81.86,4.94
321,fukue,0,JP,1554432466,47,35.03,136.69,70,3.36
322,ribnica,90,SI,1554432558,71,45.74,14.73,55.4,10.29
323,gobo,75,JP,1554432422,55,33.89,135.15,68,8.05
324,banda aceh,8,ID,1554432589,91,5.56,95.32,82.85,2.15
325,amahai,8,ID,1554432589,97,-3.31,129,84.92,7.4
326,taoudenni,68,ML,1554432589,41,22.68,-3.98,72.86,13.89
327,port-gentil,64,GA,1554432589,96,-0.72,8.78,82.58,7.96
328,north battleford,20,CA,1554432530,79,52.78,-108.3,33.01,12.75
329,hearst,12,CA,1554432590,62,49.69,-83.67,21.2,6.62
330,tuy hoa,24,VN,1554432497,74,13.08,109.3,84.65,4.38
331,dzilam gonzalez,0,MX,1554432590,46,21.28,-88.93,81.23,8.19
332,kutum,0,SD,1554432590,24,14.2,24.66,57.74,8.52
333,anito,12,PH,1554432590,98,12.45,125.29,81.32,11.32
334,carauari,48,BR,1554432591,91,-4.88,-66.9,77.81,2.59
335,beringovskiy,80,RU,1554432591,100,63.05,179.32,26.69,11.21
336,baherden,8,TM,1554432591,93,38.44,57.43,50.09,3.15
337,tyup,0,KG,1554432591,87,42.73,78.36,38.03,2.15
338,boda,8,BD,1554432591,58,26.2,88.56,77.36,14.23
339,jardim,0,BR,1554432591,69,-21.48,-56.15,79.16,10.2
340,klaksvik,0,FO,1554430800,75,62.23,-6.59,41,13.87
341,oriximina,48,BR,1554432592,87,-1.77,-55.87,77.81,4.72
342,edd,64,ER,1554432592,94,13.93,41.69,73.4,3.49
343,saint-augustin,0,FR,1554432502,65,44.83,-0.61,48.2,11.41
344,porto novo,0,BR,1554429600,83,-23.68,-45.44,71.6,2.24
345,teya,5,MX,1554432339,33,21.05,-89.07,91.4,17.22
346,kununurra,40,AU,1554429600,41,-15.77,128.74,95,17.22
347,kendari,48,ID,1554432593,90,-3.99,122.52,84.83,1.92
348,guiberoua,32,CI,1554432593,93,6.24,-6.17,73.49,2.59
349,shelburne,1,CA,1554432306,73,44.08,-80.2,34,9.42
350,quatre cocos,40,MU,1554432542,88,-20.21,57.76,75.99,4.7
351,ornskoldsvik,0,SE,1554430800,68,63.29,18.72,33.8,6.93
352,saskylakh,0,RU,1554432520,90,71.97,114.09,16.7,8.75
353,riyadh,0,SA,1554429600,56,24.63,46.72,69.8,3.36
354,mercedes,8,UY,1554432594,59,-33.25,-58.03,63.68,19.37
355,suratgarh,32,IN,1554432594,39,29.32,73.9,84.29,8.08
356,komsomolskiy,76,RU,1554432594,97,67.55,63.78,30.2,18.81
357,harer,1,US,1554432508,93,42.19,-111.17,54,4.7
358,le port,68,FR,1554432569,78,42.87,1.37,42.01,2.04
359,hermosillo,0,MX,1554432562,17,29.09,-110.96,80.01,5.39
360,zhongshu,12,CN,1554432596,65,24.52,103.77,65.21,3.6
361,bataipora,0,BR,1554432596,82,-22.3,-53.27,75.02,6.96
362,dukat,36,RS,1554432496,68,42.44,22.31,48,3
363,egvekinot,0,RU,1554432596,87,66.32,-179.17,22.1,3.27
364,mindelo,40,PT,1554432424,81,41.31,-8.72,50,2.24
365,tosya,0,TR,1554432426,80,41.02,34.04,27.05,2.37
366,terney,88,RU,1554432597,94,45.05,136.61,33.53,18.03
367,bonavista,68,CA,1554432398,75,48.65,-53.11,30.99,15.01
368,hay river,20,CA,1554429600,43,60.82,-115.79,12.2,3.15
369,sagua la grande,20,CU,1554429000,78,22.81,-80.07,75.2,9.17
370,erzin,75,TR,1554432491,81,36.95,36.2,57.2,5.82
371,talcahuano,0,CL,1554429600,81,-36.72,-73.12,51.8,6.93
372,leningradskiy,20,RU,1554432598,100,69.38,178.42,14.36,3.83
373,nanortalik,88,GL,1554432598,92,60.14,-45.24,31.64,40.73
374,harlingen,1,US,1554432508,83,26.19,-97.7,77,11.88
375,barcelona,20,ES,1554432577,75,41.38,2.18,51.01,3.36
376,omutninsk,0,RU,1554432598,59,58.67,52.18,12.65,4.27
377,alekseyevsk,76,RU,1554432599,69,57.84,108.35,27.95,4.5
378,saint anthony,90,US,1554432415,87,43.97,-111.68,50,2.71
379,general teran,0,MX,1554432599,69,25.27,-99.68,67.64,2.15
380,el retorno,36,CO,1554432599,56,2.33,-72.63,80.33,3.27
381,jizan,0,SA,1554429600,74,16.89,42.56,82.4,3.6
382,kralupy nad vltavou,0,CZ,1554432445,86,50.24,14.31,48.99,5.82
383,pangnirtung,24,CA,1554432600,56,66.15,-65.72,-6.16,5.73
384,stromness,75,CA,1554432599,59,42.87,-79.55,37,8.05
385,albanel,20,CA,1554432433,44,48.88,-72.44,19.4,17.22
386,kosa,0,RU,1554432600,77,59.94,54.99,20.3,3.6
387,qasigiannguit,32,GL,1554429000,49,68.82,-51.19,24.8,21.92
388,soyo,92,AO,1554432601,88,-6.13,12.37,81.86,3.15
389,neenah,90,US,1554432432,47,44.19,-88.46,37.99,5.82
390,mezen,92,RU,1554432601,96,65.85,44.24,30.47,6.73
391,hoquiam,90,US,1554432517,76,46.98,-123.89,55.99,2.93
392,chatakonda,12,IN,1554432601,61,17.55,80.65,83.3,4.94
393,ukiah,90,US,1554432506,67,39.15,-123.21,57.2,4.7
394,akle,75,PH,1554432486,58,15.05,121.07,90,4.7
395,gazojak,12,TM,1554432602,69,41.19,61.4,48.56,10.76
396,sheopur,0,IN,1554432602,26,25.67,76.7,86.09,4.94
397,katima mulilo,0,NA,1554432602,56,-17.5,24.28,62.15,5.5
398,mombetsu,0,JP,1554430866,64,44.35,143.35,46,10.29
399,bassar,0,TG,1554432603,87,9.26,0.78,74.75,9.86
400,vanavara,0,RU,1554432603,64,60.35,102.28,27.77,3.71
401,buala,92,SB,1554432603,76,-8.15,159.59,87.8,8.41
402,aguimes,40,ES,1554432331,82,27.91,-15.45,60.01,11.41
403,shahapur,75,IN,1554429600,78,19.45,73.33,82.4,8.05
404,yeppoon,20,AU,1554429600,45,-23.13,150.74,84.2,13.87
405,kolosovka,76,RU,1554432604,92,56.47,73.61,31.46,12.1
406,villa maria,40,CO,1554429600,87,4.5,-74.09,57.2,5.82
407,xining,0,CN,1554432604,43,36.62,101.77,47.3,3.71
408,steamboat springs,90,US,1554432170,66,40.48,-106.83,46.4,2.59
409,indramayu,76,ID,1554432605,83,-4.05,103.78,77.9,3.6
410,san policarpo,56,PH,1554432605,88,12.18,125.51,83.03,10.54
411,bontoc,0,PH,1554432605,85,17.09,120.98,77.54,2.93
412,sidi ali,56,DZ,1554432605,82,36.1,0.42,49.82,6.96
413,zalari,0,RU,1554432606,73,53.57,102.52,31.82,7.18
414,sao felix do xingu,80,BR,1554432606,99,-6.64,-51.99,74.12,2.15
415,najran,0,SA,1554429600,43,17.54,44.22,73.4,11.41
416,jacmel,36,HT,1554432315,74,18.24,-72.54,78.8,11.41
417,cerkezkoy,0,TR,1554432164,93,41.28,28,48,9.17
418,monrovia,88,LR,1554432606,91,6.33,-10.8,77.36,5.5
419,kathmandu,75,NP,1554430800,93,27.71,85.32,60.8,2.24
420,marsh harbour,68,BS,1554432607,100,26.54,-77.06,74.3,16.58
421,ribeira do pombal,0,BR,1554432607,90,-10.84,-38.54,74.3,6.73
422,soe,0,EE,1554432017,74,57.91,26.05,37,4.38
423,sola,0,NO,1554432603,61,58.89,5.65,52,6.93
424,surovikino,0,RU,1554432608,74,48.61,42.84,28.04,5.28
425,aklavik,5,CA,1554429600,55,68.22,-135.01,10.4,6.93
426,te anau,12,NZ,1554432608,70,-45.41,167.72,46.58,5.84
427,dovbysh,0,UA,1554432608,55,50.37,27.99,30.38,9.19
428,port blair,0,IN,1554432609,100,11.67,92.75,83.93,4.94
429,abha,0,SA,1554429600,87,18.22,42.5,60.8,9.17
430,dunedin,92,NZ,1554432331,53,-45.87,170.5,54,8.01
431,mandurah,0,AU,1554432385,48,-32.55,115.7,69.01,12.75
432,vokhtoga,8,RU,1554432610,62,58.81,41.03,15.89,2.93
433,klyuchi,64,RU,1554432611,85,52.25,79.17,51.26,13.67
434,tanggul,64,ID,1554432611,100,-8.16,113.45,80.87,4.05
435,sao jose da coroa grande,32,BR,1554432611,100,-8.9,-35.15,76.19,4.61
436,kysyl-syr,0,RU,1554432611,60,63.9,122.77,35.87,4.27
437,antofagasta,0,CL,1554429600,72,-23.65,-70.4,64.4,5.82
438,pointe-noire,40,CG,1554429600,94,-4.8,11.85,78.8,9.17
439,eyrarbakki,75,IS,1554431816,100,63.86,-21.15,37,2.24
440,kungurtug,88,RU,1554432612,83,50.6,97.53,31.46,4.16
441,mangai,80,CD,1554432612,96,-4.07,19.59,72.95,2.93
442,uyuni,0,BO,1554432612,41,-20.46,-66.82,38.03,7.74
443,prosec,0,CZ,1554432607,57,49.81,16.12,52,9.17
444,yerbogachen,88,RU,1554432613,78,61.28,108.01,28.94,3.49
445,iwo,0,NG,1554432613,74,7.63,4.18,76.91,9.31
446,touros,20,BR,1554429600,94,-5.2,-35.46,78.8,3.36
447,merthyr tydfil,92,GB,1554432610,93,51.75,-3.38,43,14.99
448,lillooet,1,CA,1554429600,38,50.69,-121.94,59,11.41
449,barra patuca,92,HN,1554432614,88,15.8,-84.28,80.78,12.77
450,dabat,0,ET,1554432614,53,12.98,37.77,44.6,1.7
451,ostersund,92,SE,1554432116,94,63.18,14.64,33.01,10.29
452,margate,40,AU,1554432567,42,-43.03,147.26,72,17.22
453,muisne,100,EC,1554432615,92,0.61,-80.02,74.3,4.72
454,orshanka,0,RU,1554432615,74,56.92,47.89,21.47,8.63
455,lagoa,40,PT,1554432427,93,37.14,-8.45,53.6,11.41
456,virden,12,CA,1554432615,83,49.85,-100.93,41.27,5.73
457,nelson bay,75,AU,1554432396,73,-32.72,152.14,73,8.05
458,aleksin,76,RU,1554429600,59,54.5,37.07,33.8,6.71
459,kenora,90,CA,1554432126,80,49.76,-94.48,33.8,11.41
460,san quintin,8,PH,1554432616,70,17.54,120.52,84.11,3.83
461,lagos,0,NG,1554432570,86,6.46,3.39,82.22,9.86
462,rio gallegos,75,AR,1554429600,70,-51.62,-69.22,46.4,16.11
463,kloulklubed,75,PW,1554429000,79,7.04,134.26,84.2,10.29
464,havoysund,76,NO,1554432616,94,71,24.66,27.86,7.18
465,loandjili,40,CG,1554429600,94,-4.77,11.87,78.8,9.17
466,karasjok,0,NO,1554430800,85,69.47,25.52,15.8,14.99
467,batagay,8,RU,1554432617,69,67.65,134.64,32.36,4.38
468,peru,90,US,1554432609,93,41.33,-89.13,46.4,16.11
469,abu kamal,92,SY,1554432617,95,34.45,40.92,49.28,5.84
470,kropotkin,8,RU,1554432317,74,45.43,40.58,36,3.15
471,pangody,76,RU,1554432618,94,65.85,74.49,29.21,15.01
472,udachnyy,36,RU,1554432618,65,66.42,112.4,25.88,3.38
473,bangassou,0,CF,1554432618,75,4.74,22.82,73.04,2.26
474,vila do maio,20,CV,1554429600,64,15.13,-23.22,69.8,17.22
475,cabedelo,0,BR,1554429600,88,-6.97,-34.84,78.8,3.36
476,bambanglipuro,24,ID,1554432619,92,-7.95,110.28,82.94,4.16
477,goroka,44,PG,1554432619,72,-6.07,145.39,71.33,2.37
478,quimper,75,FR,1554432499,100,48,-4.1,48,3.36
479,gat,12,SN,1554429600,72,14.69,-16.54,66.2,20.8
480,przasnysz,0,PL,1554432596,52,53.02,20.88,44.01,8.05
481,flores da cunha,88,BR,1554432606,85,-29.03,-51.18,73.99,8.99
482,zhuhai,40,CN,1554429600,20,40.71,112.04,51.8,4.47
483,wesselsbron,100,ZA,1554432316,92,-27.85,26.36,57.99,5.5
484,aguilas,8,ES,1554432505,82,37.41,-1.58,51.01,1.01
485,sayyan,12,YE,1554432620,84,15.17,44.32,45.68,1.59
486,grand gaube,40,MU,1554432542,88,-20.01,57.66,75.99,4.7
487,konyshevka,76,RU,1554432316,84,51.85,35.29,28.99,3
488,sjenica,48,RS,1554432620,83,43.27,20,35.87,2.82
489,ola,64,RU,1554432621,85,59.58,151.3,35.15,20.83
490,tommot,36,RU,1554432621,65,58.97,126.27,33.44,3.6
491,zhigansk,8,RU,1554432621,63,66.77,123.37,34.16,3.94
492,macusani,80,PE,1554432621,100,-14.07,-70.43,49.91,1.7
493,rizhao,0,CN,1554432621,51,35.43,119.46,62.78,15.46
494,san antonio,0,CL,1554429600,93,-33.58,-71.61,51.8,2.93
495,seymchan,8,RU,1554432624,86,62.93,152.39,30.56,9.42
496,tala,40,MX,1554432495,32,20.65,-103.7,77,5.82
497,el jicaro,24,GT,1554432625,61,14.91,-89.89,71.78,1.7
498,west wendover,20,US,1554429360,36,40.74,-114.07,60.8,1.25
499,uinskoye,0,RU,1554432625,71,56.88,56.58,19.31,2.48
500,suamico,90,US,1554432625,83,44.63,-88.04,37.4,4.7
501,ormara,8,PK,1554432626,65,25.21,64.64,78.98,3.94
502,nador,0,MA,1554429600,67,35.17,-2.93,57.2,14.99
503,micheweni,76,TZ,1554432626,100,-4.97,39.83,78.8,6.62
504,katav-ivanovsk,36,RU,1554432626,85,54.75,58.21,27.14,2.15
505,dhidhdhoo,0,MV,1554432626,100,6.88,73.1,84.2,6.4
506,lieksa,88,FI,1554432626,98,63.32,30.02,32.36,2.59
507,aksu,75,KZ,1554429600,100,52.04,76.93,46.4,4.47
508,keningau,75,MY,1554429600,70,5.33,116.16,87.8,4.7
509,pareora,92,NZ,1554431919,53,-44.49,171.21,54,10
510,la joya,0,MX,1554432628,78,19.61,-97.03,58.01,1.59
511,sao filipe,64,CV,1554432628,97,14.9,-24.5,70.07,17.58
512,makakilo city,1,US,1554432365,57,21.35,-158.09,84.2,12.75
513,hami,76,CN,1554432628,39,42.84,93.51,63.14,4.94
514,lorengau,20,PG,1554432520,100,-2.02,147.27,83.03,6.73
515,avare,32,BR,1554432603,92,-23.1,-48.93,70.61,3.04
516,opuwo,0,NA,1554432628,82,-18.06,13.84,58.1,3.04
517,sosnovo,0,RU,1554432535,48,60.56,30.25,35.01,3.15
518,port hardy,90,CA,1554429600,66,50.7,-127.42,53.6,9.17
519,bainbridge,88,US,1554432604,88,30.9,-84.58,71.01,10.87
520,socorro,8,PH,1554431417,73,13.06,121.41,84.99,4
521,vila,75,IT,1554432628,81,45.18,8.4,46.99,4.7
522,chaiyaphum,12,TH,1554432630,80,15.81,102.03,82.13,3.71
523,port hedland,0,AU,1554429600,24,-20.31,118.58,95,8.05
524,khakhea,92,BW,1554432630,92,-24.69,23.5,61.88,4.27
525,galiakot,8,IN,1554432630,64,23.54,74.01,78.26,5.61
526,necochea,0,AR,1554432081,74,-38.55,-58.74,60.01,11.01
527,qandala,0,SO,1554432630,84,11.47,49.87,66.02,2.59
528,havre-saint-pierre,40,CA,1554430380,73,50.23,-63.6,24.8,23.04
529,ozernovskiy,64,RU,1554432631,90,51.5,156.52,35.51,5.73
530,hofn,76,IS,1554432631,100,64.25,-15.21,35.78,10.2
531,padang,20,ID,1554429600,79,-0.92,100.36,86,3.36
532,verkh-usugli,24,RU,1554432631,41,52.7,115.17,32.81,3.94
533,khombole,0,SN,1554429600,72,14.76,-16.69,66.2,20.8
534,katherine,75,AU,1554429600,58,-14.47,132.26,87.8,13.87
535,jacqueville,75,CI,1554429600,88,5.21,-4.42,77,10.29
536,umm bab,75,QA,1554431760,73,25.21,50.81,73.4,12.75
537,tezu,76,IN,1554432632,74,27.93,96.16,59.63,1.03
538,half moon bay,90,US,1554432628,87,37.46,-122.43,59,12.75
539,muncar,56,ID,1554432633,92,-8.43,114.34,82.04,2.37
540,chernyshevskiy,76,RU,1554432633,86,63.01,112.47,32.36,2.71
541,platanos,20,GR,1554432343,93,35.47,23.6,59,11.32
542,jasper,92,US,1554432506,100,33.83,-87.28,60.8,6.4
543,roebourne,0,AU,1554432634,25,-20.77,117.15,98.78,5.39
544,vostok,92,RU,1554432634,73,46.45,135.83,35.15,2.71
545,smithers,90,CA,1554429600,65,54.78,-127.17,44.6,4.7
546,bijie,0,CN,1554432634,84,27.3,105.3,58.1,3.71
547,ixtapa,90,MX,1554432611,88,20.71,-105.21,75.2,4.7
548,grindavik,75,IS,1554431816,100,63.84,-22.43,37,3.36
549,mendoza,20,AR,1554429600,39,-32.89,-68.84,64.4,3.36
550,barabai,92,ID,1554432635,96,-2.59,115.38,74.75,2.93
551,dehloran,32,IR,1554432635,45,32.69,47.27,59.81,3.04
552,plouzane,90,FR,1554432488,93,48.38,-4.62,42.8,8.05
553,kargasok,0,RU,1554432635,64,59.06,80.87,34.7,3.27
554,nurota,68,UZ,1554429600,93,40.56,65.69,57.2,4.7
